Task ID,Title,Description,Priority,Phase,Estimated Hours,Files,Dependencies,Acceptance Criteria,Status,Audit Reference
0.1,Fix localStorage in sidebar useState,"Replace localStorage.getItem in useState initializer with useEffect pattern to prevent hydration mismatch",CRITICAL,Phase 0 - Critical Hydration Fixes,1,components/ui/sidebar.tsx,None,"No hydration warnings in console related to sidebar;Sidebar state persists correctly across page refreshes;SSR renders consistent initial state;Client-side hydration completes without errors",Not Started,H-001
0.2,Replace Math.random() in Skeleton Render Keys,"Replace Math.random() for React keys with deterministic index-based keys to prevent hydration mismatch",CRITICAL,Phase 0 - Critical Hydration Fixes,0.5,components/ui/sidebar.tsx,None,"No Math.random() calls in render paths;Skeleton elements use stable deterministic keys;No hydration warnings related to key mismatches",Not Started,H-002
0.3,Fix useLocalStorage Hook Initialization,"Add initializeWithValue: false option to all useLocalStorage calls to defer localStorage read to client",CRITICAL,Phase 0 - Critical Hydration Fixes,1.5,"lib/settings/provider.tsx;Any file using useLocalStorage hook",None,"All useLocalStorage calls include initializeWithValue: false;No hydration warnings from settings provider;Settings load correctly after hydration;Default values render on SSR",Not Started,H-003
1.1,Create Hydration-Safe useWindowSize Hook,"Create/modify hook to return null during SSR with isReady boolean to indicate hydration complete",HIGH,Phase 1 - High Priority Fixes,2,"hooks/use-window-size.ts;components/chat-header.tsx;components/toolbar.tsx;components/artifact.tsx;components/document-preview.tsx;components/document.tsx","Task 0.1, 0.2, 0.3 complete","Hook returns null or meaningful defaults during SSR;Components handle loading state gracefully;No layout shift on hydration;CLS score < 0.1",Not Started,
1.2,Move Mobile Detection to Edge Middleware,"Create middleware to detect User-Agent and set device type cookie for server-side mobile detection",HIGH,Phase 1 - High Priority Fixes,2,"middleware.ts;hooks/use-mobile.ts;app/layout.tsx",None,"Mobile detection happens at Edge (middleware);Device type available via cookie or header;No client-side detection for initial render;Correct layout renders on first paint",Not Started,
1.3,Fix resolvedTheme Hydration Mismatch,"Use mounted state pattern from next-themes docs to render neutral state until mounted",HIGH,Phase 1 - High Priority Fixes,1.5,"components/sidebar-user-nav.tsx;components/sheet-editor.tsx",Task 0.3 complete,"No theme-related hydration warnings;No flash of wrong theme colors;Theme persists correctly",Not Started,
1.4,Virtualize Messages List,"Implement @tanstack/react-virtual for message list to render only visible messages plus buffer",HIGH,Phase 1 - High Priority Fixes,3,"components/messages.tsx;package.json",None,"Only visible messages + buffer are rendered;Smooth scrolling with 100+ messages;Auto-scroll to bottom works correctly;Message selection/interaction preserved",Not Started,
1.5,Virtualize Sidebar History,"Apply virtualization pattern to sidebar chat history for smooth rendering with many items",HIGH,Phase 1 - High Priority Fixes,2,components/sidebar-history.tsx,Task 1.4 complete,"Sidebar renders smoothly with 500+ chat items;Search/filter still works;Active chat highlight preserved",Not Started,
1.6,Add Image Dimensions to ImageEditor,"Add explicit width/height props to all Image components to prevent CLS",HIGH,Phase 1 - High Priority Fixes,1,components/image-editor.tsx,None,"All Image components have explicit dimensions;Aspect ratio preserved during load;No CLS from image loading",Not Started,
1.7,Add Cache-Control Headers to API Routes,"Create cache header utility and add appropriate headers to all API routes",HIGH,Phase 1 - High Priority Fixes,2,"app/api/*/route.ts;lib/api/cache-headers.ts (create)",None,"All GET endpoints have appropriate Cache-Control;Mutable endpoints have no-store;Edge caching works for public data",Not Started,
1.8,Add Static Asset Caching to vercel.json,"Configure cache headers for static assets in vercel.json",HIGH,Phase 1 - High Priority Fixes,0.5,vercel.json,None,"vercel.json includes cache headers config;Static assets cached for 1 year;HTML/API routes have appropriate short cache",Not Started,
1.9,Configure Edge Runtime for Proxy Route,"Add Edge runtime export to proxy route for lower latency",HIGH,Phase 1 - High Priority Fixes,1,app/api/proxy/route.ts,None,"Proxy route configured for Edge runtime;No functionality regression;Lower latency for proxy requests",Not Started,
1.10,Fix Auth State Hydration,"Use mounted state pattern for auth-dependent UI to prevent hydration mismatch",HIGH,Phase 1 - High Priority Fixes,2,"components/auth-provider.tsx;components/sidebar-user-nav.tsx;Any component using auth state conditionally",Task 0.3 complete,"No auth-related hydration warnings;Correct UI renders for logged-in and logged-out states;No flash of wrong auth state",Not Started,CR-006
1.11,Lazy-Load Syntax Highlighting,"Wrap syntax highlighting imports in dynamic import with loading state",HIGH,Phase 1 - High Priority Fixes,3,"components/code-editor.tsx;lib/syntax/*.ts;Components using syntax highlighting",None,"Syntax highlighter loaded only when code block visible;Loading state shown while highlighter loads;No bundle regression for non-code pages",Not Started,B-003
1.12,Create Checkpoint - Phase 1 Verification,"Verification checkpoint for Phase 0 and Phase 1 completion",HIGH,Phase 1 - High Priority Fixes,2,None (verification only),"Tasks 1.1-1.11 complete","All Phase 0 and Phase 1 tasks complete;No hydration warnings in production build;Lighthouse Performance > 80;CLS < 0.1;LCP < 2.5s;All existing tests pass",Not Started,
2.1,Remove Duplicate clsx/classnames Packages,"Replace classnames imports with clsx and remove classnames from package.json",MEDIUM,Phase 2 - Medium Priority Optimization,1,"package.json;All files importing classnames",None,"No classnames package in dependencies;All imports use clsx or cn utility",Not Started,
2.2,Remove Unused @icons-pack/react-simple-icons,"Remove unused icon package from dependencies",MEDIUM,Phase 2 - Medium Priority Optimization,1,package.json,None,"Package removed if unused;Build succeeds without package",Not Started,
2.3,Remove Console Statements from Production,"Replace console statements with proper logging or remove entirely",MEDIUM,Phase 2 - Medium Priority Optimization,1,6 files with console statements,None,"No console.log in production code;ESLint rule prevents future occurrences",Not Started,
2.4,Migrate unstable_cache to use cache,"Replace unstable_cache with use cache directive",MEDIUM,Phase 2 - Medium Priority Optimization,2,Files using unstable_cache,Next.js 15 stable release,"All unstable_cache usages replaced;Caching behavior works correctly",Not Started,
2.5,Implement Pyodide On-Demand Loading,"Wrap Pyodide in dynamic import with loading state and caching",MEDIUM,Phase 2 - Medium Priority Optimization,3,Files loading Pyodide,None,"Pyodide loaded only when needed;Loading state shown while loading;Instance cached after load",Not Started,
2.6,Configure API Timeouts,"Add timeout configuration to API routes and next.config",MEDIUM,Phase 2 - Medium Priority Optimization,1,"API routes;next.config.js",None,"Timeout configuration added;Timeout errors handled gracefully",Not Started,
2.7,Fix Context Wide Re-renders in DataStreamProvider,"Split context and memoize values to prevent unnecessary re-renders",MEDIUM,Phase 2 - Medium Priority Optimization,2,components/data-stream-provider.tsx,None,"Context split into state vs actions;Values properly memoized;Re-renders minimized",Not Started,
2.8,Theme System Cleanup,"Remove redundant theme logic and consolidate CSS variables",MEDIUM,Phase 2 - Medium Priority Optimization,1.5,"Theme-related components;CSS variables",Task 1.3 complete,"No redundant theme code;CSS variables consolidated",Not Started,
2.9,Configure Multi-Region Deployment,"Configure regions in vercel.json and ensure database supports multi-region",MEDIUM,Phase 2 - Medium Priority Optimization,2,"vercel.json;Database configuration",Task 1.8 complete,"Regions configured;Database supports multi-region;Low latency from different locations",Not Started,
2.10,Fix Console Output Images,"Replace native img elements with next/image or add proper dimensions",MEDIUM,Phase 2 - Medium Priority Optimization,1,components/console.tsx,Task 1.6 complete,"No native img elements without dimensions;Images properly optimized",Not Started,IM-002
2.11,Add Resource Hints,"Add preconnect/prefetch hints for API domains and font providers",MEDIUM,Phase 2 - Medium Priority Optimization,1,"app/layout.tsx;app/head.tsx",None,"Preconnect hints for API domains;Preconnect for font providers;DNS-prefetch for third-party services",Not Started,NET-001
2.12,API Response Pagination,"Add cursor-based pagination to history API and implement infinite scroll",MEDIUM,Phase 2 - Medium Priority Optimization,3,"app/api/history/route.ts;components/sidebar-history.tsx;Related data fetching code",None,"Cursor-based pagination implemented;Frontend requests pages;Infinite scroll or load more button works;Total count header added",Not Started,"API-002, API-005"
2.13,Fix Skeleton/Content CLS,"Audit and fix skeleton dimensions to match actual content",MEDIUM,Phase 2 - Medium Priority Optimization,2,"components/document-skeleton.tsx;components/sidebar-skeleton.tsx;Other skeleton components",None,"Skeleton dimensions match content;No layout shifts from skeleton to content",Not Started,"CLS-002, CLS-005"
2.14,Create Checkpoint - Phase 2 Verification,"Verification checkpoint for Phase 2 completion",MEDIUM,Phase 2 - Medium Priority Optimization,1,None (verification only),"Tasks 2.1-2.13 complete","Bundle size reduced;No unused dependencies;No console.log in production",Not Started,
3.1,Remove Unused CSS Variables,"Audit and remove unused CSS variables from stylesheets",LOW,Phase 3 - Low Priority Improvements,2,"app/globals.css;Component CSS files",None,"No unused CSS variables;Stylesheet size reduced",Not Started,
3.2,Enable React Strict Mode,"Enable React Strict Mode in next.config.js",LOW,Phase 3 - Low Priority Improvements,0.5,next.config.js,All hydration issues fixed,"React Strict Mode enabled;No additional issues revealed",Not Started,
3.3,Set Up Bundle Analyzer,"Install and configure @next/bundle-analyzer",LOW,Phase 3 - Low Priority Improvements,1,"package.json;next.config.js",None,"Bundle analyzer installed;npm script added;Documentation provided",Not Started,
3.4,Add PWA/Service Worker Support,"Add manifest.json and service worker for PWA support",LOW,Phase 3 - Low Priority Improvements,4,"public/manifest.json;Service Worker file;next.config.js",All caching configured,"manifest.json created;Service worker registered;Offline support works",Not Started,
3.5,Address Remaining Lint Rule Fixes,"Run lint and address all warnings/errors",LOW,Phase 3 - Low Priority Improvements,2,Various (based on lint output),None,"No lint warnings;Stricter rules considered",Not Started,
3.6,Review framer-motion Usage,"Audit framer-motion usage and replace simple animations with CSS",LOW,Phase 3 - Low Priority Improvements,3,10 components using framer-motion,None,"Simple animations use CSS;framer-motion kept for complex orchestration;Bundle size reduced",Not Started,B-006
3.7,Fix suggestions-extension Cleanup,"Add proper cleanup function in TipTap suggestions extension",LOW,Phase 3 - Low Priority Improvements,1,lib/editor/suggestions-extension.ts,None,"Cleanup function added;Event listeners properly removed;No memory leaks",Not Started,UPDATE-001
3.8,Add Environment Variable Documentation,"Document all NEXT_PUBLIC_ environment variables",LOW,Phase 3 - Low Priority Improvements,1,"README.md;.env.example",None,"All env vars documented;.env.example updated",Not Started,BUILD-005
